{"IcoMoonType":"selection","icons":[{"icon":{"paths":["M992.262 871.396l-242.552-206.294c-25.074-22.566-51.89-32.926-73.552-31.926 57.256-67.068 91.842-154.078 91.842-249.176 0-212.078-171.922-384-384-384-212.076 0-384 171.922-384 384s171.922 384 384 384c95.098 0 182.108-34.586 249.176-91.844-1 21.662 9.36 48.478 31.926 73.552l206.294 242.552c35.322 39.246 93.022 42.554 128.22 7.356s31.892-92.898-7.354-128.22zM384 640c-141.384 0-256-114.616-256-256s114.616-256 256-256 256 114.616 256 256-114.614 256-256 256z"],"tags":["search","magnifier","magnifying-glass","inspect","find"],"defaultCode":59782,"grid":16,"attrs":[]},"attrs":[],"properties":{"ligatures":"search, magnifier","name":"search","order":13,"id":135,"prevSize":32,"code":59782},"setIdx":0,"setId":1,"iconIdx":134},{"icon":{"paths":["M64 192h896v192h-896zM64 448h896v192h-896zM64 704h896v192h-896z"],"tags":["menu","list","options","lines","hamburger"],"defaultCode":59837,"grid":16,"attrs":[]},"attrs":[],"properties":{"ligatures":"menu, list3","name":"menu","order":12,"id":190,"prevSize":32,"code":59837},"setIdx":0,"setId":1,"iconIdx":189},{"icon":{"paths":["M1024 256l-1024 0v-128l1024-0zM512 896l-512-512h1024z"],"tags":["eject","player"],"defaultCode":59941,"grid":16,"attrs":[]},"attrs":[],"properties":{"ligatures":"eject, player17","name":"eject","order":15,"id":294,"prevSize":32,"code":59941},"setIdx":0,"setId":1,"iconIdx":293},{"icon":{"paths":["M0 768h1024v128h-1024zM512 128l512 512h-1024z"],"tags":["eject","player"],"defaultCode":59941,"grid":16,"attrs":[]},"attrs":[],"properties":{"order":16,"id":494,"prevSize":32,"code":59942,"name":"eject1"},"setIdx":0,"setId":1,"iconIdx":294},{"icon":{"paths":["M136.294 750.93c-75.196 0-136.292 61.334-136.292 136.076 0 75.154 61.1 135.802 136.292 135.802 75.466 0 136.494-60.648 136.494-135.802-0.002-74.742-61.024-136.076-136.494-136.076zM0.156 347.93v196.258c127.784 0 247.958 49.972 338.458 140.512 90.384 90.318 140.282 211.036 140.282 339.3h197.122c-0.002-372.82-303.282-676.070-675.862-676.070zM0.388 0v196.356c455.782 0 826.756 371.334 826.756 827.644h196.856c0-564.47-459.254-1024-1023.612-1024z"],"tags":["feed","rss","social"],"defaultCode":60059,"grid":16,"attrs":[]},"attrs":[],"properties":{"ligatures":"feed2, rss","name":"rss","order":17,"id":412,"prevSize":32,"code":60059},"setIdx":0,"setId":1,"iconIdx":414}],"height":1024,"metadata":{"name":"icomoon"},"preferences":{"showGlyphs":true,"showQuickUse":true,"showQuickUse2":true,"showSVGs":true,"fontPref":{"prefix":"icon-","metadata":{"fontFamily":"icomoon","majorVersion":1,"minorVersion":0},"metrics":{"emSize":1024,"baseline":6.25,"whitespace":50},"embed":false},"imagePref":{"prefix":"icon-","png":true,"useClassSelector":true,"color":0,"bgColor":16777215,"classSelector":".icon"},"historySize":50,"showCodes":true,"gridSize":16,"showLiga":false}}